{"cameraMode":{"drawMode":0,"name":"Shaded","section":"Shading Mode"},"sceneLighting":false,"audioPlay":false,"sceneViewState":{"showFog":true,"showMaterialUpdate":false,"showSkybox":false,"showFlares":true,"showImageEffects":true,"showParticleSystems":true},"in2DMode":false,"pivot":{"x":-1.5000190734863282,"y":2.125,"z":1.4999767541885377},"rotation":{"x":-0.07888764142990112,"y":-0.9173266887664795,"z":0.22896037995815278,"w":-0.3160476088523865},"size":3.2620198726654054,"orthographic":false}