{"cameraMode":{"drawMode":0,"name":"Shaded","section":"Shading Mode"},"sceneLighting":false,"audioPlay":false,"sceneViewState":{"showFog":true,"showMaterialUpdate":false,"showSkybox":false,"showFlares":true,"showImageEffects":true,"showParticleSystems":true},"in2DMode":false,"pivot":{"x":0.24808228015899659,"y":-0.3852275609970093,"z":-4.202459812164307},"rotation":{"x":-0.07901601493358612,"y":-0.9174550771713257,"z":0.23045490682125092,"w":-0.3145531415939331},"size":5.606237888336182,"orthographic":false}