{"cameraMode":{"drawMode":0,"name":"Shaded","section":"Shading Mode"},"sceneLighting":false,"audioPlay":false,"sceneViewState":{"showFog":true,"showMaterialUpdate":false,"showSkybox":false,"showFlares":true,"showImageEffects":true,"showParticleSystems":true},"in2DMode":false,"pivot":{"x":1.0396982431411744,"y":4.440306663513184,"z":13.639299392700196},"rotation":{"x":-0.028590768575668336,"y":-0.016492845490574838,"z":0.0004712915688287467,"w":-0.9994562864303589},"size":15.087255477905274,"orthographic":false}