{"cameraMode":{"drawMode":0,"name":"Shaded","section":"Shading Mode"},"sceneLighting":false,"audioPlay":false,"sceneViewState":{"showFog":true,"showMaterialUpdate":false,"showSkybox":false,"showFlares":true,"showImageEffects":true,"showParticleSystems":true},"in2DMode":false,"pivot":{"x":0.32384616136550906,"y":0.3922165036201477,"z":-0.18989363312721253},"rotation":{"x":-0.1806880086660385,"y":0.626340925693512,"z":-0.15234634280204774,"w":-0.7428646087646484},"size":0.3234570622444153,"orthographic":false}