{"cameraMode":{"drawMode":0,"name":"Shaded","section":"Shading Mode"},"sceneLighting":true,"audioPlay":false,"sceneViewState":{"showFog":true,"showMaterialUpdate":false,"showSkybox":true,"showFlares":true,"showImageEffects":true,"showParticleSystems":true},"in2DMode":false,"pivot":{"x":-16.438791275024415,"y":5.534834384918213,"z":-36.348297119140628},"rotation":{"x":-0.21082422137260438,"y":0.07762104272842407,"z":-0.01679299771785736,"w":-0.9743034243583679},"size":7.854704856872559,"orthographic":false}